type,count,area_ha,jurisdictions,pct_of_australia
5(1)(g) Reserve,44.0,220824.0,WA,0.02872207419832059
5(1)(h) Reserve,129.0,794215.0,WA,0.1033019590800927
Aboriginal Area,16.0,16058.0,NSW,0.002088583585402015
Antarctic Specially Managed Area,1.0,23897.0,EXT,0
Antarctic Specially Protected Area,13.0,16760.0,EXT,0
Biodiversity Stewardship Agreement,324.0,81440.0,NSW,0.01059276196076469
Botanic Gardens,2.0,840.0,WA,0.0001092772748085512
Botanic Gardens (Commonwealth),3.0,158.0,"EXT,ACT,JBT",2.049198006563323e-05
CCA Zone 1 National Park,34.0,131722.0,NSW,0.01713279621023298
CCA Zone 2 Aboriginal Area,5.0,21535.0,NSW,0.002801010488716058
CCA Zone 3 State Conservation Area,23.0,195213.0,NSW,0.02539092834365463
Coastal Reserve,1.0,1366.0,NT,0.0001776397016769038
Conservation Agreement,962.0,316928.0,NSW,0.04122213408492626
Conservation Area,407.0,667428.0,"TAS,NT",0.08681101608597765
Conservation Covenant,2742.0,343737.0,"TAS,VIC,WA,NT",0.04470920871930801
Conservation Park,594.0,6684060.0,"QLD,SA,VIC,WA",0.8693819914837043
Conservation Reserve,64.0,991881.0,"SA,NT,VIC,WA,TAS,NSW",0.1290119099578648
Coordinated Conservation Area,2.0,1246.0,QLD,0.0001621157326404649
Flora Reserve,88.0,65935.0,NSW,0.008575981875878672
Forest Reserve,83.0,57478.0,"SA,QLD",0.007475989181599987
Game Reserve,21.0,42849.0,"TAS,SA",0.00557324458333128
Heritage Agreement,1650.0,1004838.0,SA,0.1306971879324307
Heritage River,17.0,52814.0,VIC,0.00686935553504815
Historic Site,38.0,18962.0,"TAS,NSW",0.002466401205763196
Historical Reserve,4.0,7781.0,NT,0.001012034245561802
Hunting Reserve,1.0,1605.0,NT,0.0002088108934401962
Indigenous Protected Area,85.0,85952952.0,"NSW,NT,SA,WA,QLD,TAS,VIC",11.17972491557997
Karst Conservation Reserve,4.0,5328.0,NSW,0.0006930633499298559
Management Area,6.0,3598.0,WA,0.0004680464388664285
NCT Agreement,132.0,31440.0,NSW,0.004089384920673999
NRS Addition - Gazettal in Progress,58.0,3933994.0,"WA,TAS,NT,QLD,NSW,SA",0.5116865581430196
National Park,715.0,36955378.0,"WA,QLD,NSW,ACT,VIC,NT,SA,TAS",4.806710573377299
National Park (Commonwealth),7.0,2059629.0,"EXT,NT,JBT",0.2678917516600467
National Park (Scientific),9.0,52626.0,QLD,0.006844971161518861
National Park Aboriginal,35.0,2730894.0,QLD,0.355201860996796
National Parks Act Schedule 4 park or reserve,1.0,1169.0,VIC,0.0001520317292496779
Natural Catchment Area,21.0,12756.0,VIC,0.00165921030723111
Natural Features Reserve,2471.0,306159.0,VIC,0.03982147650696381
Nature Conservation Reserve,284.0,157523.0,VIC,0.02048868401729988
Nature Park,10.0,23661.0,NT,0.003077575258870264
Nature Recreation Area,25.0,67331.0,TAS,0.008757586114669955
Nature Refuge,573.0,4893447.0,QLD,0.6364806501522834
Nature Reserve,1817.0,11382314.0,"WA,NSW,TAS,ACT,QLD",1.480474308634993
Other,3.0,2307.0,"WA,VIC",0.0003000578531754963
Other Conservation Area,5.0,192364.0,"NT,TAS",0.02502045770551349
Other Conservation Area or Nature Park,1.0,807.0,NT,0.0001049973897685046
Permanent Park Preserve,1.0,1314.0,NSW,0.0001708908577186141
Private Nature Reserve,79.0,2961035.0,"SA,TAS,VIC,QLD,WA,NSW,NT",0.3851358332895019
Private Sanctuary,23.0,5117.0,TAS,0.0006656068143575381
Proposed National Parks Act park or park addition,5.0,135.0,"VIC,NT",1.754285116573781e-05
Recreation Park,13.0,1640.0,SA,0.0002133263858937452
Reference Area,59.0,23627.0,VIC,0.003073069609808323
Regional Park,22.0,21552.0,NSW,0.002803159909649417
Regional Reserve,154.0,6631929.0,"TAS,SA",0.8626014499653204
Registered Property Agreement,222.0,10750.0,NSW,0.001398188389860386
"Remote and Natural Area - Schedule 6, National Parks Act",16.0,112.0,VIC,1.450473725046559e-05
Remote and Natural Area - not scheduled under Nat Parks Act,2.0,17163.0,VIC,0.00223237188054948
Resources Reserve,42.0,223358.0,QLD,0.02905174225552668
Southern Mallee Private Reserve,28.0,73003.0,NSW,0.009495385302146279
Special Wildlife Reserve,1.0,56032.0,QLD,0.007287944319961032
State Conservation Area,127.0,698278.0,NSW,0.0908235790324587
State Park,26.0,153221.0,VIC,0.01992919327231855
State Reserve,66.0,48950.0,"TAS,WA",0.006366764182948059
Wilderness Park,3.0,200674.0,VIC,0.02610125957314599
Wilderness Protection Area,14.0,1850082.0,SA,0.2406363657238713
Wilderness Zone,13.0,28907.0,"VIC,ACT",0.003759927337895226
Antarctic Specially Protected Area,1.0,2133.0,EXT,0
Biodiversity Stewardship Agreement,38.0,92.0,NSW,1.201644277406343e-05
Conservation Agreement,145.0,69755.0,NSW,0.009072879162095383
Conservation Covenant,262.0,1103.0,"TAS,VIC,WA",0.0001434808253717278
Conservation Park,33.0,925.0,"SA,WA,VIC",0.0001202670912804099
Conservation Reserve,12.0,15670.0,"VIC,NSW,SA,WA,TAS",0.002038180075208883
Coordinated Conservation Area,1.0,851.0,QLD,0.0001106577388588233
Flora Reserve,18.0,26.0,NSW,3.417763447802993e-06
Forest Reserve,11.0,3296.0,"QLD,SA",0.0004287207214302713
Game Reserve,1.0,64.0,SA,8.27180711976858e-06
Heritage Agreement,56.0,13731.0,SA,0.001785924932133218
Heritage River,18.0,105969.0,VIC,0.01378322226398238
Indigenous Protected Area,35.0,1871793.0,"WA,QLD,NT,NSW,SA,VIC,TAS",0.2434602701886578
NCT Agreement,15.0,23681.0,NSW,0.003080079787795162
National Park,8.0,2836.0,"WA,VIC,NT,ACT",0.000368926464256443
Natural Catchment Area,20.0,138611.0,VIC,0.01802886319675974
Natural Features Reserve,43.0,2202.0,VIC,0.0002864163494911362
Nature Refuge,21.0,44173.0,QLD,0.005745556020104124
Nature Reserve,5.0,64.0,"QLD,NSW,ACT,WA",8.365875839700494e-06
Private Nature Reserve,13.0,1486.0,"SA,WA,VIC,NSW",0.0001932777417712074
Reference Area,103.0,89001.0,VIC,0.01157620031413984
Registered Property Agreement,16.0,729.0,NSW,9.477473761941474e-05
"Remote and Natural Area - Schedule 6, National Parks Act",22.0,280796.0,VIC,0.03652250492045284
Remote and Natural Area - not scheduled under Nat Parks Act,2.0,4920.0,VIC,0.0006398812287172231
Resources Reserve,1.0,90.0,QLD,1.174720266536119e-05
Southern Mallee Private Reserve,12.0,27340.0,NSW,0.003556051923435748
State Park,10.0,4823.0,VIC,0.0006273012916760646
Wilderness Zone,20.0,641318.0,"VIC,ACT",0.08341495439992959
