state,jurisdiction_area_ha,protected_area_count,protected_area_ha,pct_protected,contribution_to_nrs_pct
ACT,235814.85,51.0,131902.37,55.93,0.08
NSW,80115006.51,2657.0,8365055.82,10.44,4.82
NT,134779162.69,84.0,33208738.0,24.64,19.14
QLD,172974215.26,1230.0,16183152.68,9.36,9.33
SA,98432191.36,2085.0,29963518.48,30.44,17.27
TAS,6840139.36,1721.0,2928054.78,42.81,1.69
VIC,22744373.1,4709.0,4023548.42,17.69,2.32
WA,252701298.39,1888.0,78674218.9,31.13,45.34
Total,768828858.66,14432.0,173493467.85,22.57,100.0
