state,type_code,category,type_name,sites,note
ACT,A1,Coastal and marine,Shallow marine waters,0,
ACT,A2,Coastal and marine,"Subtidal aquatic beds (seagrass, kelp)",0,
ACT,A3,Coastal and marine,Coral reefs,0,
ACT,A4,Coastal and marine,Rocky marine shores,0,
ACT,A5,Coastal and marine,Sand and shingle beaches,0,
ACT,A6,Coastal and marine,Estuarine waters,0,
ACT,A7,Coastal and marine,"Intertidal mud, sand and salt flats",0,
ACT,A8,Coastal and marine,Intertidal marshes,0,
ACT,A9,Coastal and marine,Mangroves and tidal forests,0,
ACT,A10,Coastal and marine,Brackish and saline lagoons,0,
ACT,A11,Coastal and marine,Coastal freshwater lagoons and marshes,0,
ACT,A12,Coastal and marine,Non-tidal freshwater forested wetlands,0,
NSW,A1,Coastal and marine,Shallow marine waters,3,
NSW,A2,Coastal and marine,"Subtidal aquatic beds (seagrass, kelp)",20,
NSW,A3,Coastal and marine,Coral reefs,1,
NSW,A4,Coastal and marine,Rocky marine shores,9,
NSW,A5,Coastal and marine,Sand and shingle beaches,13,
NSW,A6,Coastal and marine,Estuarine waters,31,
NSW,A7,Coastal and marine,"Intertidal mud, sand and salt flats",24,
NSW,A8,Coastal and marine,Intertidal marshes,33,
NSW,A9,Coastal and marine,Mangroves and tidal forests,31,
NSW,A10,Coastal and marine,Brackish and saline lagoons,16,
NSW,A11,Coastal and marine,Coastal freshwater lagoons and marshes,23,
NSW,A12,Coastal and marine,Non-tidal freshwater forested wetlands,15,
NT,A1,Coastal and marine,Shallow marine waters,3,
NT,A2,Coastal and marine,"Subtidal aquatic beds (seagrass, kelp)",4,
NT,A3,Coastal and marine,Coral reefs,1,
NT,A4,Coastal and marine,Rocky marine shores,0,
NT,A5,Coastal and marine,Sand and shingle beaches,1,
NT,A6,Coastal and marine,Estuarine waters,14,
NT,A7,Coastal and marine,"Intertidal mud, sand and salt flats",13,
NT,A8,Coastal and marine,Intertidal marshes,11,
NT,A9,Coastal and marine,Mangroves and tidal forests,13,
NT,A10,Coastal and marine,Brackish and saline lagoons,1,
NT,A11,Coastal and marine,Coastal freshwater lagoons and marshes,1,
NT,A12,Coastal and marine,Non-tidal freshwater forested wetlands,0,
QLD,A1,Coastal and marine,Shallow marine waters,43,
QLD,A2,Coastal and marine,"Subtidal aquatic beds (seagrass, kelp)",42,
QLD,A3,Coastal and marine,Coral reefs,11,
QLD,A4,Coastal and marine,Rocky marine shores,22,
QLD,A5,Coastal and marine,Sand and shingle beaches,52,
QLD,A6,Coastal and marine,Estuarine waters,51,
QLD,A7,Coastal and marine,"Intertidal mud, sand and salt flats",56,
QLD,A8,Coastal and marine,Intertidal marshes,51,
QLD,A9,Coastal and marine,Mangroves and tidal forests,64,
QLD,A10,Coastal and marine,Brackish and saline lagoons,28,
QLD,A11,Coastal and marine,Coastal freshwater lagoons and marshes,35,
QLD,A12,Coastal and marine,Non-tidal freshwater forested wetlands,23,
SA,A1,Coastal and marine,Shallow marine waters,16,
SA,A2,Coastal and marine,"Subtidal aquatic beds (seagrass, kelp)",11,
SA,A3,Coastal and marine,Coral reefs,0,
SA,A4,Coastal and marine,Rocky marine shores,4,
SA,A5,Coastal and marine,Sand and shingle beaches,13,
SA,A6,Coastal and marine,Estuarine waters,12,
SA,A7,Coastal and marine,"Intertidal mud, sand and salt flats",17,
SA,A8,Coastal and marine,Intertidal marshes,13,
SA,A9,Coastal and marine,Mangroves and tidal forests,9,
SA,A10,Coastal and marine,Brackish and saline lagoons,3,
SA,A11,Coastal and marine,Coastal freshwater lagoons and marshes,3,
SA,A12,Coastal and marine,Non-tidal freshwater forested wetlands,0,
TAS,A1,Coastal and marine,Shallow marine waters,4,
TAS,A2,Coastal and marine,"Subtidal aquatic beds (seagrass, kelp)",2,
TAS,A3,Coastal and marine,Coral reefs,0,
TAS,A4,Coastal and marine,Rocky marine shores,3,
TAS,A5,Coastal and marine,Sand and shingle beaches,2,
TAS,A6,Coastal and marine,Estuarine waters,5,
TAS,A7,Coastal and marine,"Intertidal mud, sand and salt flats",1,
TAS,A8,Coastal and marine,Intertidal marshes,4,
TAS,A9,Coastal and marine,Mangroves and tidal forests,1,
TAS,A10,Coastal and marine,Brackish and saline lagoons,13,
TAS,A11,Coastal and marine,Coastal freshwater lagoons and marshes,20,
TAS,A12,Coastal and marine,Non-tidal freshwater forested wetlands,0,
VIC,A1,Coastal and marine,Shallow marine waters,6,
VIC,A2,Coastal and marine,"Subtidal aquatic beds (seagrass, kelp)",6,
VIC,A3,Coastal and marine,Coral reefs,0,
VIC,A4,Coastal and marine,Rocky marine shores,3,
VIC,A5,Coastal and marine,Sand and shingle beaches,8,
VIC,A6,Coastal and marine,Estuarine waters,7,
VIC,A7,Coastal and marine,"Intertidal mud, sand and salt flats",9,
VIC,A8,Coastal and marine,Intertidal marshes,16,
VIC,A9,Coastal and marine,Mangroves and tidal forests,3,
VIC,A10,Coastal and marine,Brackish and saline lagoons,14,
VIC,A11,Coastal and marine,Coastal freshwater lagoons and marshes,13,
VIC,A12,Coastal and marine,Non-tidal freshwater forested wetlands,0,
WA,A1,Coastal and marine,Shallow marine waters,3,
WA,A2,Coastal and marine,"Subtidal aquatic beds (seagrass, kelp)",5,
WA,A3,Coastal and marine,Coral reefs,0,
WA,A4,Coastal and marine,Rocky marine shores,2,
WA,A5,Coastal and marine,Sand and shingle beaches,5,
WA,A6,Coastal and marine,Estuarine waters,9,
WA,A7,Coastal and marine,"Intertidal mud, sand and salt flats",14,
WA,A8,Coastal and marine,Intertidal marshes,10,
WA,A9,Coastal and marine,Mangroves and tidal forests,10,
WA,A10,Coastal and marine,Brackish and saline lagoons,5,
WA,A11,Coastal and marine,Coastal freshwater lagoons and marshes,0,
WA,A12,Coastal and marine,Non-tidal freshwater forested wetlands,1,
EXT,A1,Coastal and marine,Shallow marine waters,1,
EXT,A2,Coastal and marine,"Subtidal aquatic beds (seagrass, kelp)",3,
EXT,A3,Coastal and marine,Coral reefs,6,
EXT,A4,Coastal and marine,Rocky marine shores,2,
EXT,A5,Coastal and marine,Sand and shingle beaches,6,
EXT,A6,Coastal and marine,Estuarine waters,0,
EXT,A7,Coastal and marine,"Intertidal mud, sand and salt flats",2,
EXT,A8,Coastal and marine,Intertidal marshes,0,
EXT,A9,Coastal and marine,Mangroves and tidal forests,1,
EXT,A10,Coastal and marine,Brackish and saline lagoons,1,
EXT,A11,Coastal and marine,Coastal freshwater lagoons and marshes,1,
EXT,A12,Coastal and marine,Non-tidal freshwater forested wetlands,0,
ACT,B1,Inland,Permanent rivers and streams,3,
ACT,B2,Inland,Seasonal rivers and streams,1,
ACT,B3,Inland,Inland deltas,0,
ACT,B4,Inland,Riverine floodplains,1,
ACT,B5,Inland,Permanent freshwater lakes,0,
ACT,B6,Inland,Seasonal freshwater lakes,0,
ACT,B7,Inland,Permanent saline lakes,0,
ACT,B8,Inland,Seasonal saline lakes,0,
ACT,B9,Inland,Permanent freshwater ponds and marshes,3,
ACT,B10,Inland,Seasonal freshwater ponds and marshes,6,
ACT,B11,Inland,Permanent saline marshes,0,
ACT,B12,Inland,Seasonal saline marshes,0,
ACT,B13,Inland,Shrub swamps,0,
ACT,B14,Inland,Freshwater swamp forest,0,
ACT,B15,Inland,Peatlands,3,
ACT,B16,Inland,Alpine wetlands,0,
ACT,B17,Inland,"Springs, oases and rock pools",0,
ACT,B18,Inland,Geothermal wetlands,0,
ACT,B19,Inland,Inland karst wetlands,0,
NSW,B1,Inland,Permanent rivers and streams,10,
NSW,B2,Inland,Seasonal rivers and streams,25,
NSW,B3,Inland,Inland deltas,2,
NSW,B4,Inland,Riverine floodplains,23,
NSW,B5,Inland,Permanent freshwater lakes,16,
NSW,B6,Inland,Seasonal freshwater lakes,44,
NSW,B7,Inland,Permanent saline lakes,7,
NSW,B8,Inland,Seasonal saline lakes,8,
NSW,B9,Inland,Permanent freshwater ponds and marshes,18,
NSW,B10,Inland,Seasonal freshwater ponds and marshes,34,
NSW,B11,Inland,Permanent saline marshes,1,
NSW,B12,Inland,Seasonal saline marshes,2,
NSW,B13,Inland,Shrub swamps,31,
NSW,B14,Inland,Freshwater swamp forest,26,
NSW,B15,Inland,Peatlands,26,
NSW,B16,Inland,Alpine wetlands,2,
NSW,B17,Inland,"Springs, oases and rock pools",1,
NSW,B18,Inland,Geothermal wetlands,0,
NSW,B19,Inland,Inland karst wetlands,0,
NT,B1,Inland,Permanent rivers and streams,14,
NT,B2,Inland,Seasonal rivers and streams,7,
NT,B3,Inland,Inland deltas,1,
NT,B4,Inland,Riverine floodplains,11,
NT,B5,Inland,Permanent freshwater lakes,1,
NT,B6,Inland,Seasonal freshwater lakes,12,
NT,B7,Inland,Permanent saline lakes,0,
NT,B8,Inland,Seasonal saline lakes,2,
NT,B9,Inland,Permanent freshwater ponds and marshes,6,
NT,B10,Inland,Seasonal freshwater ponds and marshes,15,
NT,B11,Inland,Permanent saline marshes,0,
NT,B12,Inland,Seasonal saline marshes,0,
NT,B13,Inland,Shrub swamps,9,
NT,B14,Inland,Freshwater swamp forest,17,
NT,B15,Inland,Peatlands,0,
NT,B16,Inland,Alpine wetlands,0,
NT,B17,Inland,"Springs, oases and rock pools",2,
NT,B18,Inland,Geothermal wetlands,0,
NT,B19,Inland,Inland karst wetlands,0,
QLD,B1,Inland,Permanent rivers and streams,49,
QLD,B2,Inland,Seasonal rivers and streams,72,
QLD,B3,Inland,Inland deltas,0,
QLD,B4,Inland,Riverine floodplains,56,
QLD,B5,Inland,Permanent freshwater lakes,40,
QLD,B6,Inland,Seasonal freshwater lakes,54,
QLD,B7,Inland,Permanent saline lakes,5,
QLD,B8,Inland,Seasonal saline lakes,13,
QLD,B9,Inland,Permanent freshwater ponds and marshes,45,
QLD,B10,Inland,Seasonal freshwater ponds and marshes,65,
QLD,B11,Inland,Permanent saline marshes,2,
QLD,B12,Inland,Seasonal saline marshes,9,
QLD,B13,Inland,Shrub swamps,48,
QLD,B14,Inland,Freshwater swamp forest,62,
QLD,B15,Inland,Peatlands,10,
QLD,B16,Inland,Alpine wetlands,0,
QLD,B17,Inland,"Springs, oases and rock pools",13,
QLD,B18,Inland,Geothermal wetlands,1,
QLD,B19,Inland,Inland karst wetlands,2,
SA,B1,Inland,Permanent rivers and streams,11,
SA,B2,Inland,Seasonal rivers and streams,6,
SA,B3,Inland,Inland deltas,1,
SA,B4,Inland,Riverine floodplains,15,
SA,B5,Inland,Permanent freshwater lakes,10,
SA,B6,Inland,Seasonal freshwater lakes,15,
SA,B7,Inland,Permanent saline lakes,10,
SA,B8,Inland,Seasonal saline lakes,9,
SA,B9,Inland,Permanent freshwater ponds and marshes,7,
SA,B10,Inland,Seasonal freshwater ponds and marshes,5,
SA,B11,Inland,Permanent saline marshes,4,
SA,B12,Inland,Seasonal saline marshes,4,
SA,B13,Inland,Shrub swamps,7,
SA,B14,Inland,Freshwater swamp forest,4,
SA,B15,Inland,Peatlands,7,
SA,B16,Inland,Alpine wetlands,0,
SA,B17,Inland,"Springs, oases and rock pools",4,
SA,B18,Inland,Geothermal wetlands,0,
SA,B19,Inland,Inland karst wetlands,2,
TAS,B1,Inland,Permanent rivers and streams,11,
TAS,B2,Inland,Seasonal rivers and streams,0,
TAS,B3,Inland,Inland deltas,0,
TAS,B4,Inland,Riverine floodplains,0,
TAS,B5,Inland,Permanent freshwater lakes,9,
TAS,B6,Inland,Seasonal freshwater lakes,2,
TAS,B7,Inland,Permanent saline lakes,3,
TAS,B8,Inland,Seasonal saline lakes,2,
TAS,B9,Inland,Permanent freshwater ponds and marshes,3,
TAS,B10,Inland,Seasonal freshwater ponds and marshes,0,
TAS,B11,Inland,Permanent saline marshes,0,
TAS,B12,Inland,Seasonal saline marshes,0,
TAS,B13,Inland,Shrub swamps,0,
TAS,B14,Inland,Freshwater swamp forest,0,
TAS,B15,Inland,Peatlands,13,
TAS,B16,Inland,Alpine wetlands,0,
TAS,B17,Inland,"Springs, oases and rock pools",0,
TAS,B18,Inland,Geothermal wetlands,0,
TAS,B19,Inland,Inland karst wetlands,0,
VIC,B1,Inland,Permanent rivers and streams,25,
VIC,B2,Inland,Seasonal rivers and streams,6,
VIC,B3,Inland,Inland deltas,0,
VIC,B4,Inland,Riverine floodplains,23,
VIC,B5,Inland,Permanent freshwater lakes,20,
VIC,B6,Inland,Seasonal freshwater lakes,19,
VIC,B7,Inland,Permanent saline lakes,27,
VIC,B8,Inland,Seasonal saline lakes,22,
VIC,B9,Inland,Permanent freshwater ponds and marshes,5,
VIC,B10,Inland,Seasonal freshwater ponds and marshes,30,
VIC,B11,Inland,Permanent saline marshes,3,
VIC,B12,Inland,Seasonal saline marshes,16,
VIC,B13,Inland,Shrub swamps,11,
VIC,B14,Inland,Freshwater swamp forest,17,
VIC,B15,Inland,Peatlands,8,
VIC,B16,Inland,Alpine wetlands,0,
VIC,B17,Inland,"Springs, oases and rock pools",0,
VIC,B18,Inland,Geothermal wetlands,0,
VIC,B19,Inland,Inland karst wetlands,0,
WA,B1,Inland,Permanent rivers and streams,18,
WA,B2,Inland,Seasonal rivers and streams,18,
WA,B3,Inland,Inland deltas,0,
WA,B4,Inland,Riverine floodplains,6,
WA,B5,Inland,Permanent freshwater lakes,12,
WA,B6,Inland,Seasonal freshwater lakes,15,
WA,B7,Inland,Permanent saline lakes,19,
WA,B8,Inland,Seasonal saline lakes,23,
WA,B9,Inland,Permanent freshwater ponds and marshes,8,
WA,B10,Inland,Seasonal freshwater ponds and marshes,25,
WA,B11,Inland,Permanent saline marshes,2,
WA,B12,Inland,Seasonal saline marshes,16,
WA,B13,Inland,Shrub swamps,13,
WA,B14,Inland,Freshwater swamp forest,28,
WA,B15,Inland,Peatlands,11,
WA,B16,Inland,Alpine wetlands,0,
WA,B17,Inland,"Springs, oases and rock pools",11,
WA,B18,Inland,Geothermal wetlands,0,
WA,B19,Inland,Inland karst wetlands,5,
EXT,B1,Inland,Permanent rivers and streams,0,
EXT,B2,Inland,Seasonal rivers and streams,0,
EXT,B3,Inland,Inland deltas,0,
EXT,B4,Inland,Riverine floodplains,0,
EXT,B5,Inland,Permanent freshwater lakes,0,
EXT,B6,Inland,Seasonal freshwater lakes,1,
EXT,B7,Inland,Permanent saline lakes,0,
EXT,B8,Inland,Seasonal saline lakes,0,
EXT,B9,Inland,Permanent freshwater ponds and marshes,0,
EXT,B10,Inland,Seasonal freshwater ponds and marshes,0,
EXT,B11,Inland,Permanent saline marshes,0,
EXT,B12,Inland,Seasonal saline marshes,0,
EXT,B13,Inland,Shrub swamps,0,
EXT,B14,Inland,Freshwater swamp forest,1,
EXT,B15,Inland,Peatlands,1,
EXT,B16,Inland,Alpine wetlands,1,
EXT,B17,Inland,"Springs, oases and rock pools",2,
EXT,B18,Inland,Geothermal wetlands,0,
EXT,B19,Inland,Inland karst wetlands,0,
ACT,C1,Human-made,"Water storage areas (reservoirs, dams)",1,
ACT,C2,Human-made,Farm ponds and stock ponds,0,Source text and table disagree on whether the 13 sites are C2 or C3; treat C2/C3 as one pooled group
ACT,C3,Human-made,Aquaculture ponds,0,Source text and table disagree on whether the 13 sites are C2 or C3; treat C2/C3 as one pooled group
ACT,C4,Human-made,Salt pans and salines,0,
ACT,C5,Human-made,Excavations and mining pools,0,
ACT,C6,Human-made,Wastewater treatment,1,
ACT,C7,Human-made,Irrigated land and channels,0,
ACT,C8,Human-made,Seasonally flooded farmland,0,
ACT,C9,Human-made,Canals,0,
NSW,C1,Human-made,"Water storage areas (reservoirs, dams)",7,
NSW,C2,Human-made,Farm ponds and stock ponds,1,Source text and table disagree on whether the 13 sites are C2 or C3; treat C2/C3 as one pooled group
NSW,C3,Human-made,Aquaculture ponds,0,Source text and table disagree on whether the 13 sites are C2 or C3; treat C2/C3 as one pooled group
NSW,C4,Human-made,Salt pans and salines,1,
NSW,C5,Human-made,Excavations and mining pools,1,
NSW,C6,Human-made,Wastewater treatment,1,
NSW,C7,Human-made,Irrigated land and channels,1,
NSW,C8,Human-made,Seasonally flooded farmland,1,
NSW,C9,Human-made,Canals,0,
NT,C1,Human-made,"Water storage areas (reservoirs, dams)",2,
NT,C2,Human-made,Farm ponds and stock ponds,1,Source text and table disagree on whether the 13 sites are C2 or C3; treat C2/C3 as one pooled group
NT,C3,Human-made,Aquaculture ponds,0,Source text and table disagree on whether the 13 sites are C2 or C3; treat C2/C3 as one pooled group
NT,C4,Human-made,Salt pans and salines,0,
NT,C5,Human-made,Excavations and mining pools,0,
NT,C6,Human-made,Wastewater treatment,0,
NT,C7,Human-made,Irrigated land and channels,0,
NT,C8,Human-made,Seasonally flooded farmland,0,
NT,C9,Human-made,Canals,0,
QLD,C1,Human-made,"Water storage areas (reservoirs, dams)",15,
QLD,C2,Human-made,Farm ponds and stock ponds,9,Source text and table disagree on whether the 13 sites are C2 or C3; treat C2/C3 as one pooled group
QLD,C3,Human-made,Aquaculture ponds,2,Source text and table disagree on whether the 13 sites are C2 or C3; treat C2/C3 as one pooled group
QLD,C4,Human-made,Salt pans and salines,1,
QLD,C5,Human-made,Excavations and mining pools,1,
QLD,C6,Human-made,Wastewater treatment,3,
QLD,C7,Human-made,Irrigated land and channels,3,
QLD,C8,Human-made,Seasonally flooded farmland,3,
QLD,C9,Human-made,Canals,0,
SA,C1,Human-made,"Water storage areas (reservoirs, dams)",1,
SA,C2,Human-made,Farm ponds and stock ponds,0,Source text and table disagree on whether the 13 sites are C2 or C3; treat C2/C3 as one pooled group
SA,C3,Human-made,Aquaculture ponds,0,Source text and table disagree on whether the 13 sites are C2 or C3; treat C2/C3 as one pooled group
SA,C4,Human-made,Salt pans and salines,3,
SA,C5,Human-made,Excavations and mining pools,0,
SA,C6,Human-made,Wastewater treatment,1,
SA,C7,Human-made,Irrigated land and channels,0,
SA,C8,Human-made,Seasonally flooded farmland,0,
SA,C9,Human-made,Canals,0,
TAS,C1,Human-made,"Water storage areas (reservoirs, dams)",1,
TAS,C2,Human-made,Farm ponds and stock ponds,0,Source text and table disagree on whether the 13 sites are C2 or C3; treat C2/C3 as one pooled group
TAS,C3,Human-made,Aquaculture ponds,0,Source text and table disagree on whether the 13 sites are C2 or C3; treat C2/C3 as one pooled group
TAS,C4,Human-made,Salt pans and salines,2,
TAS,C5,Human-made,Excavations and mining pools,0,
TAS,C6,Human-made,Wastewater treatment,0,
TAS,C7,Human-made,Irrigated land and channels,0,
TAS,C8,Human-made,Seasonally flooded farmland,0,
TAS,C9,Human-made,Canals,0,
VIC,C1,Human-made,"Water storage areas (reservoirs, dams)",8,
VIC,C2,Human-made,Farm ponds and stock ponds,2,Source text and table disagree on whether the 13 sites are C2 or C3; treat C2/C3 as one pooled group
VIC,C3,Human-made,Aquaculture ponds,0,Source text and table disagree on whether the 13 sites are C2 or C3; treat C2/C3 as one pooled group
VIC,C4,Human-made,Salt pans and salines,5,
VIC,C5,Human-made,Excavations and mining pools,0,
VIC,C6,Human-made,Wastewater treatment,2,
VIC,C7,Human-made,Irrigated land and channels,0,
VIC,C8,Human-made,Seasonally flooded farmland,0,
VIC,C9,Human-made,Canals,3,
WA,C1,Human-made,"Water storage areas (reservoirs, dams)",3,
WA,C2,Human-made,Farm ponds and stock ponds,0,Source text and table disagree on whether the 13 sites are C2 or C3; treat C2/C3 as one pooled group
WA,C3,Human-made,Aquaculture ponds,0,Source text and table disagree on whether the 13 sites are C2 or C3; treat C2/C3 as one pooled group
WA,C4,Human-made,Salt pans and salines,2,
WA,C5,Human-made,Excavations and mining pools,1,
WA,C6,Human-made,Wastewater treatment,0,
WA,C7,Human-made,Irrigated land and channels,1,
WA,C8,Human-made,Seasonally flooded farmland,0,
WA,C9,Human-made,Canals,0,
EXT,C1,Human-made,"Water storage areas (reservoirs, dams)",0,
EXT,C2,Human-made,Farm ponds and stock ponds,0,Source text and table disagree on whether the 13 sites are C2 or C3; treat C2/C3 as one pooled group
EXT,C3,Human-made,Aquaculture ponds,0,Source text and table disagree on whether the 13 sites are C2 or C3; treat C2/C3 as one pooled group
EXT,C4,Human-made,Salt pans and salines,0,
EXT,C5,Human-made,Excavations and mining pools,0,
EXT,C6,Human-made,Wastewater treatment,0,
EXT,C7,Human-made,Irrigated land and channels,0,
EXT,C8,Human-made,Seasonally flooded farmland,0,
EXT,C9,Human-made,Canals,0,
