type_code,category,type_name,sites,note
A1,Coastal and marine,Shallow marine waters,79,State rows sum to 79; source prints 80
A2,Coastal and marine,"Subtidal aquatic beds (seagrass, kelp)",93,
A3,Coastal and marine,Coral reefs,19,
A4,Coastal and marine,Rocky marine shores,45,
A5,Coastal and marine,Sand and shingle beaches,100,
A6,Coastal and marine,Estuarine waters,129,
A7,Coastal and marine,"Intertidal mud, sand and salt flats",136,
A8,Coastal and marine,Intertidal marshes,138,
A9,Coastal and marine,Mangroves and tidal forests,132,
A10,Coastal and marine,Brackish and saline lagoons,81,
A11,Coastal and marine,Coastal freshwater lagoons and marshes,96,
A12,Coastal and marine,Non-tidal freshwater forested wetlands,39,
B1,Inland,Permanent rivers and streams,141,
B2,Inland,Seasonal rivers and streams,135,
B3,Inland,Inland deltas,4,
B4,Inland,Riverine floodplains,135,
B5,Inland,Permanent freshwater lakes,108,
B6,Inland,Seasonal freshwater lakes,162,State rows sum to 162; source prints 164
B7,Inland,Permanent saline lakes,71,
B8,Inland,Seasonal saline lakes,79,
B9,Inland,Permanent freshwater ponds and marshes,95,
B10,Inland,Seasonal freshwater ponds and marshes,180,
B11,Inland,Permanent saline marshes,12,
B12,Inland,Seasonal saline marshes,47,
B13,Inland,Shrub swamps,119,
B14,Inland,Freshwater swamp forest,155,
B15,Inland,Peatlands,79,
B16,Inland,Alpine wetlands,3,
B17,Inland,"Springs, oases and rock pools",33,
B18,Inland,Geothermal wetlands,1,
B19,Inland,Inland karst wetlands,9,
C1,Human-made,"Water storage areas (reservoirs, dams)",38,
C2,Human-made,Farm ponds and stock ponds,13,C2/C3 ambiguous in source
C3,Human-made,Aquaculture ponds,2,C2/C3 ambiguous in source
C4,Human-made,Salt pans and salines,14,
C5,Human-made,Excavations and mining pools,3,
C6,Human-made,Wastewater treatment,8,
C7,Human-made,Irrigated land and channels,5,
C8,Human-made,Seasonally flooded farmland,4,
C9,Human-made,Canals,3,
