ramsar_site_no,ramsar_name,state,lat,lon,gazetted_area_ha,gis_area_ha,designation_year,polygon_count,coord_source
1,Cobourg Peninsula,NT,-11.25,132.25,220700,226481.0,1974,1,"Wikipedia list of Ramsar sites in Australia (from Ramsar RSIS), joined on REFCODE"
204,Kakadu National Park,NT,-12.667,132.75,1979766,1911122.0,1980,1,"Wikipedia list of Ramsar sites in Australia (from Ramsar RSIS), joined on REFCODE"
251,Moulting Lagoon,TAS,-42.083,148.167,4507,4517.0,1982,1,"Wikipedia list of Ramsar sites in Australia (from Ramsar RSIS), joined on REFCODE"
252,Logan Lagoon,TAS,-40.167,148.283,2257,2259.0,1982,1,"Wikipedia list of Ramsar sites in Australia (from Ramsar RSIS), joined on REFCODE"
253,Lavinia,TAS,-39.75,144.083,7034,7029.0,1982,1,"Wikipedia list of Ramsar sites in Australia (from Ramsar RSIS), joined on REFCODE"
254,Pitt Water-Orielton Lagoon,TAS,-42.8,147.5,3334,3334.0,1982,1,"Wikipedia list of Ramsar sites in Australia (from Ramsar RSIS), joined on REFCODE"
255,Apsley Marshes,TAS,-41.933,148.2,880,881.0,1982,1,"Wikipedia list of Ramsar sites in Australia (from Ramsar RSIS), joined on REFCODE"
256,East Coast Cape Barren Island Lagoons,TAS,-40.367,148.383,4473,4475.0,1982,1,Wikipedia list (listed there as RS255 in error); matched by name
257,Flood Plain Lower Ringarooma River,TAS,-40.9,147.933,3519,3534.0,1982,1,"Wikipedia list of Ramsar sites in Australia (from Ramsar RSIS), joined on REFCODE"
258,Jocks Lagoon,TAS,-41.35,148.3,19,15.0,1982,1,"Wikipedia list of Ramsar sites in Australia (from Ramsar RSIS), joined on REFCODE"
259,Interlaken (Lake Crescent),TAS,-42.15,147.167,517,513.0,1982,1,"Wikipedia list of Ramsar sites in Australia (from Ramsar RSIS), joined on REFCODE"
260,Little Waterhouse Lake,TAS,-40.867,147.617,56,56.0,1982,1,"Wikipedia list of Ramsar sites in Australia (from Ramsar RSIS), joined on REFCODE"
261,Corner Inlet,VIC,-38.75,146.533,67186,67193.0,1982,1,"Wikipedia list of Ramsar sites in Australia (from Ramsar RSIS), joined on REFCODE"
262,Barmah Forest,VIC,-35.917,145.133,28515,29305.0,1982,1,"Wikipedia list of Ramsar sites in Australia (from Ramsar RSIS), joined on REFCODE"
263,Gunbower Forest,VIC,-35.817,144.317,19931,20218.0,1982,1,"Wikipedia list of Ramsar sites in Australia (from Ramsar RSIS), joined on REFCODE"
264,Hattah-Kulkyne Lakes,VIC,-34.683,142.433,955,181.0,1982,12,"Wikipedia list of Ramsar sites in Australia (from Ramsar RSIS), joined on REFCODE"
265,Kerang Wetlands,VIC,-35.667,143.933,9419,3080.0,1982,14,"Wikipedia list of Ramsar sites in Australia (from Ramsar RSIS), joined on REFCODE"
266,Port Phillip Bay (Western Shoreline) and Bellarine Peninsula,VIC,-38.067,144.6,22897,14596.0,1982,6,"Wikipedia list of Ramsar sites in Australia (from Ramsar RSIS), joined on REFCODE"
267,Western Port,VIC,-38.367,145.283,59297,59955.0,1982,1,"Wikipedia list of Ramsar sites in Australia (from Ramsar RSIS), joined on REFCODE"
268,Western District Lakes,VIC,-38.167,143.517,32898,32671.0,1982,1,"Wikipedia list of Ramsar sites in Australia (from Ramsar RSIS), joined on REFCODE"
269,Gippsland Lakes,VIC,-38.0,147.6,60015,61151.0,1982,1,"Wikipedia list of Ramsar sites in Australia (from Ramsar RSIS), joined on REFCODE"
270,Lake Albacutya,VIC,-35.767,141.967,5731,5659.0,1982,1,"Wikipedia list of Ramsar sites in Australia (from Ramsar RSIS), joined on REFCODE"
286,Towra Point Nature Reserve,NSW,-34.0,151.167,387,633.0,1984,1,"Wikipedia list of Ramsar sites in Australia (from Ramsar RSIS), joined on REFCODE"
287,Hunter Estuary Wetlands,NSW,-32.867,151.717,2971,3352.0,1984,2,"Wikipedia list of Ramsar sites in Australia (from Ramsar RSIS), joined on REFCODE"
321,"The Coorong, and Lakes Alexandrina and Albert Wetland",SA,-35.933,139.3,140500,142642.0,1985,1,"Wikipedia list of Ramsar sites in Australia (from Ramsar RSIS), joined on REFCODE"
322,Bool and Hacks Lagoons,SA,-37.133,140.683,3200,3304.0,1985,1,"Wikipedia list of Ramsar sites in Australia (from Ramsar RSIS), joined on REFCODE"
337,The Macquarie Marshes,NSW,-30.75,147.733,18726,18756.0,1986,2,"Wikipedia list of Ramsar sites in Australia (from Ramsar RSIS), joined on REFCODE"
376,Coongie Lakes,SA,-27.45,140.0,1980000,2176185.0,1987,1,"Wikipedia list of Ramsar sites in Australia (from Ramsar RSIS), joined on REFCODE"
377,Riverland,SA,-34.033,140.85,30640,30665.0,1987,1,"Wikipedia list of Ramsar sites in Australia (from Ramsar RSIS), joined on REFCODE"
477,Ord River Floodplain,WA,-15.25,128.367,141453,141547.0,1990,1,"Wikipedia list of Ramsar sites in Australia (from Ramsar RSIS), joined on REFCODE"
478,Lakes Argyle and Kununurra,WA,-16.317,128.733,117495,117586.0,1990,1,"Wikipedia list of Ramsar sites in Australia (from Ramsar RSIS), joined on REFCODE"
479,Roebuck Bay,WA,-18.117,122.267,34119,34141.0,1990,1,"Wikipedia list of Ramsar sites in Australia (from Ramsar RSIS), joined on REFCODE"
480,Eighty-mile Beach,WA,-19.517,120.667,175487,175464.0,1990,1,"Wikipedia list of Ramsar sites in Australia (from Ramsar RSIS), joined on REFCODE"
481,Forrestdale and Thomsons Lakes,WA,-32.15,115.867,784,785.0,1990,1,"Wikipedia list of Ramsar sites in Australia (from Ramsar RSIS), joined on REFCODE"
482,Peel-Yalgorup System,WA,-32.817,115.7,26530,26665.0,1990,1,"Wikipedia list of Ramsar sites in Australia (from Ramsar RSIS), joined on REFCODE"
483,Toolibin Lake (also known as Lake Toolibin),WA,-32.917,117.6,493,493.0,1990,1,"Wikipedia list of Ramsar sites in Australia (from Ramsar RSIS), joined on REFCODE"
484,Vasse-Wonnerup System,WA,-33.617,115.417,1115,1115.0,1990,1,"Wikipedia list of Ramsar sites in Australia (from Ramsar RSIS), joined on REFCODE"
485,Lake Warden System,WA,-33.8,121.933,1999,2000.0,1990,1,"Wikipedia list of Ramsar sites in Australia (from Ramsar RSIS), joined on REFCODE"
512,Hosnies Spring,EXT,-10.467,105.683,202,200.0,1990,1,"Wikipedia list of Ramsar sites in Australia (from Ramsar RSIS), joined on REFCODE"
631,Moreton Bay,QLD,-27.333,153.167,120654,120656.0,1993,1,"Wikipedia list of Ramsar sites in Australia (from Ramsar RSIS), joined on REFCODE"
632,Bowling Green Bay,QLD,-19.45,147.25,35500,34619.0,1993,1,"Wikipedia list of Ramsar sites in Australia (from Ramsar RSIS), joined on REFCODE"
791,Currawinya Lakes (Currawinya National Park),QLD,-28.75,144.317,151300,150864.0,1996,1,"Wikipedia list of Ramsar sites in Australia (from Ramsar RSIS), joined on REFCODE"
792,"Shoalwater and Corio Bays Area (Shoalwater Bay Training Area, in part - Corio Bay)",QLD,-22.667,150.283,239100,201955.0,1996,1,"Wikipedia list of Ramsar sites in Australia (from Ramsar RSIS), joined on REFCODE"
793,Ginini Flats Wetland Complex,ACT,-35.517,148.767,410,350.0,1996,1,"Wikipedia list of Ramsar sites in Australia (from Ramsar RSIS), joined on REFCODE"
797,Pulu Keeling National Park,EXT,-11.833,96.817,2602,2602.0,1996,1,"Wikipedia list of Ramsar sites in Australia (from Ramsar RSIS), joined on REFCODE"
798,Little Llangothlin Nature Reserve,NSW,-30.083,151.783,258,254.0,1996,1,"Wikipedia list of Ramsar sites in Australia (from Ramsar RSIS), joined on REFCODE"
799,Lake Pinaroo (Fort Grey Basin),NSW,-29.1,141.217,800,719.0,1996,1,"Wikipedia list of Ramsar sites in Australia (from Ramsar RSIS), joined on REFCODE"
800,Blue Lake,NSW,-36.4,148.317,338,338.0,1996,1,"Wikipedia list of Ramsar sites in Australia (from Ramsar RSIS), joined on REFCODE"
992,"Great Sandy Strait (including Great Sandy Strait, Tin Can Bay and Tin Can Inlet)",QLD,-25.467,152.9,93160,83742.0,1999,1,"Wikipedia list of Ramsar sites in Australia (from Ramsar RSIS), joined on REFCODE"
993,Gwydir Wetlands: Gingham and Lower Gwydir (Big Leather) Watercourses,NSW,-29.2572,149.235,823,608.0,1999,4,"Ramsar RSIS record 993 (official, 2025)"
994,Myall Lakes,NSW,-32.5,152.283,44612,44540.0,1999,6,"Wikipedia list of Ramsar sites in Australia (from Ramsar RSIS), joined on REFCODE"
995,NSW Central Murray State Forests,NSW,-29.717,147.433,84028,37929.0,2003,3,"Wikipedia list of Ramsar sites in Australia (from Ramsar RSIS), joined on REFCODE"
1048,Becher Point Wetlands,WA,-32.383,115.733,677,677.0,2001,1,"Wikipedia list of Ramsar sites in Australia (from Ramsar RSIS), joined on REFCODE"
1049,Lake Gore,WA,-33.783,121.483,4017,4018.0,2001,1,"Wikipedia list of Ramsar sites in Australia (from Ramsar RSIS), joined on REFCODE"
1050,Muir-Byenup System,WA,-34.483,116.717,10631,10639.0,2001,1,"Wikipedia list of Ramsar sites in Australia (from Ramsar RSIS), joined on REFCODE"
1096,Edithvale-Seaford Wetlands,VIC,-38.067,145.117,261,158.0,2001,2,"Wikipedia list of Ramsar sites in Australia (from Ramsar RSIS), joined on REFCODE"
1220,Ashmore Reef National Nature Reserve,EXT,-12.25,123.033,58300,58337.0,2002,1,"Wikipedia list of Ramsar sites in Australia (from Ramsar RSIS), joined on REFCODE"
1221,Banrock Station Wetland Complex,SA,-34.183,140.333,1375,1375.0,2002,1,"Wikipedia list of Ramsar sites in Australia (from Ramsar RSIS), joined on REFCODE"
1222,Coral Sea Reserves (Coringa-Herald and Lihou Reefs and Cays),EXT,-17.067,150.65,1728920,1728920.0,2002,1,"Wikipedia list of Ramsar sites in Australia (from Ramsar RSIS), joined on REFCODE"
1223,Elizabeth and Middleton Reefs Marine National Nature Reserve,EXT,-29.683,159.1,187726,187726.0,2002,1,"Wikipedia list of Ramsar sites in Australia (from Ramsar RSIS), joined on REFCODE"
1224,Fivebough and Tuckerbil Swamps,NSW,-34.5,146.383,689,342.0,2002,2,"Wikipedia list of Ramsar sites in Australia (from Ramsar RSIS), joined on REFCODE"
1225,The Dales,EXT,-10.467,105.55,583,587.0,2002,1,"Wikipedia list of Ramsar sites in Australia (from Ramsar RSIS), joined on REFCODE"
1291,Narran Lake Nature Reserve,NSW,-35.65,144.65,8447,8454.0,1999,1,"Wikipedia list of Ramsar sites in Australia (from Ramsar RSIS), joined on REFCODE"
1716,Paroo River Wetlands,NSW,-30.333,143.85,138304,71058.0,2007,2,"Wikipedia list of Ramsar sites in Australia (from Ramsar RSIS), joined on REFCODE"
2136,Piccaninnie Ponds Karst Wetlands,SA,-38.0508,140.9364,862,858.0,2012,1,"Wikipedia list of Ramsar sites in Australia (from Ramsar RSIS), joined on REFCODE"
2344,Glenelg Estuary and Discovery Bay Wetlands,VIC,-38.083,141.117,13276,13276.0,2018,3,"Wikipedia list of Ramsar sites in Australia (from Ramsar RSIS), joined on REFCODE"
2520,Caryapundy Swamp,NSW,-29.25,142.517,70176,71107.0,2021,8,"Wikipedia list of Ramsar sites in Australia (from Ramsar RSIS), joined on REFCODE"
