state,year,cumulative_sites,cumulative_gazetted_ha
NT,1974,1,220700
NT,1975,1,220700
NT,1976,1,220700
NT,1977,1,220700
NT,1978,1,220700
NT,1979,1,220700
NT,1980,2,2200466
NT,1981,2,2200466
NT,1982,2,2200466
NT,1983,2,2200466
NT,1984,2,2200466
NT,1985,2,2200466
NT,1986,2,2200466
NT,1987,2,2200466
NT,1988,2,2200466
NT,1989,2,2200466
NT,1990,2,2200466
NT,1991,2,2200466
NT,1992,2,2200466
NT,1993,2,2200466
NT,1994,2,2200466
NT,1995,2,2200466
NT,1996,2,2200466
NT,1997,2,2200466
NT,1998,2,2200466
NT,1999,2,2200466
NT,2000,2,2200466
NT,2001,2,2200466
NT,2002,2,2200466
NT,2003,2,2200466
NT,2004,2,2200466
NT,2005,2,2200466
NT,2006,2,2200466
NT,2007,2,2200466
NT,2008,2,2200466
NT,2009,2,2200466
NT,2010,2,2200466
NT,2011,2,2200466
NT,2012,2,2200466
NT,2013,2,2200466
NT,2014,2,2200466
NT,2015,2,2200466
NT,2016,2,2200466
NT,2017,2,2200466
NT,2018,2,2200466
NT,2019,2,2200466
NT,2020,2,2200466
NT,2021,2,2200466
NT,2022,2,2200466
NT,2023,2,2200466
NT,2024,2,2200466
NT,2025,2,2200466
TAS,1974,0,0
TAS,1975,0,0
TAS,1976,0,0
TAS,1977,0,0
TAS,1978,0,0
TAS,1979,0,0
TAS,1980,0,0
TAS,1981,0,0
TAS,1982,10,26596
TAS,1983,10,26596
TAS,1984,10,26596
TAS,1985,10,26596
TAS,1986,10,26596
TAS,1987,10,26596
TAS,1988,10,26596
TAS,1989,10,26596
TAS,1990,10,26596
TAS,1991,10,26596
TAS,1992,10,26596
TAS,1993,10,26596
TAS,1994,10,26596
TAS,1995,10,26596
TAS,1996,10,26596
TAS,1997,10,26596
TAS,1998,10,26596
TAS,1999,10,26596
TAS,2000,10,26596
TAS,2001,10,26596
TAS,2002,10,26596
TAS,2003,10,26596
TAS,2004,10,26596
TAS,2005,10,26596
TAS,2006,10,26596
TAS,2007,10,26596
TAS,2008,10,26596
TAS,2009,10,26596
TAS,2010,10,26596
TAS,2011,10,26596
TAS,2012,10,26596
TAS,2013,10,26596
TAS,2014,10,26596
TAS,2015,10,26596
TAS,2016,10,26596
TAS,2017,10,26596
TAS,2018,10,26596
TAS,2019,10,26596
TAS,2020,10,26596
TAS,2021,10,26596
TAS,2022,10,26596
TAS,2023,10,26596
TAS,2024,10,26596
TAS,2025,10,26596
VIC,1974,0,0
VIC,1975,0,0
VIC,1976,0,0
VIC,1977,0,0
VIC,1978,0,0
VIC,1979,0,0
VIC,1980,0,0
VIC,1981,0,0
VIC,1982,10,306844
VIC,1983,10,306844
VIC,1984,10,306844
VIC,1985,10,306844
VIC,1986,10,306844
VIC,1987,10,306844
VIC,1988,10,306844
VIC,1989,10,306844
VIC,1990,10,306844
VIC,1991,10,306844
VIC,1992,10,306844
VIC,1993,10,306844
VIC,1994,10,306844
VIC,1995,10,306844
VIC,1996,10,306844
VIC,1997,10,306844
VIC,1998,10,306844
VIC,1999,10,306844
VIC,2000,10,306844
VIC,2001,11,307105
VIC,2002,11,307105
VIC,2003,11,307105
VIC,2004,11,307105
VIC,2005,11,307105
VIC,2006,11,307105
VIC,2007,11,307105
VIC,2008,11,307105
VIC,2009,11,307105
VIC,2010,11,307105
VIC,2011,11,307105
VIC,2012,11,307105
VIC,2013,11,307105
VIC,2014,11,307105
VIC,2015,11,307105
VIC,2016,11,307105
VIC,2017,11,307105
VIC,2018,12,320381
VIC,2019,12,320381
VIC,2020,12,320381
VIC,2021,12,320381
VIC,2022,12,320381
VIC,2023,12,320381
VIC,2024,12,320381
VIC,2025,12,320381
NSW,1974,0,0
NSW,1975,0,0
NSW,1976,0,0
NSW,1977,0,0
NSW,1978,0,0
NSW,1979,0,0
NSW,1980,0,0
NSW,1981,0,0
NSW,1982,0,0
NSW,1983,0,0
NSW,1984,2,3358
NSW,1985,2,3358
NSW,1986,3,22084
NSW,1987,3,22084
NSW,1988,3,22084
NSW,1989,3,22084
NSW,1990,3,22084
NSW,1991,3,22084
NSW,1992,3,22084
NSW,1993,3,22084
NSW,1994,3,22084
NSW,1995,3,22084
NSW,1996,6,23480
NSW,1997,6,23480
NSW,1998,6,23480
NSW,1999,9,77362
NSW,2000,9,77362
NSW,2001,9,77362
NSW,2002,10,78051
NSW,2003,11,162079
NSW,2004,11,162079
NSW,2005,11,162079
NSW,2006,11,162079
NSW,2007,12,300383
NSW,2008,12,300383
NSW,2009,12,300383
NSW,2010,12,300383
NSW,2011,12,300383
NSW,2012,12,300383
NSW,2013,12,300383
NSW,2014,12,300383
NSW,2015,12,300383
NSW,2016,12,300383
NSW,2017,12,300383
NSW,2018,12,300383
NSW,2019,12,300383
NSW,2020,12,300383
NSW,2021,13,370559
NSW,2022,13,370559
NSW,2023,13,370559
NSW,2024,13,370559
NSW,2025,13,370559
SA,1974,0,0
SA,1975,0,0
SA,1976,0,0
SA,1977,0,0
SA,1978,0,0
SA,1979,0,0
SA,1980,0,0
SA,1981,0,0
SA,1982,0,0
SA,1983,0,0
SA,1984,0,0
SA,1985,2,143700
SA,1986,2,143700
SA,1987,4,2154340
SA,1988,4,2154340
SA,1989,4,2154340
SA,1990,4,2154340
SA,1991,4,2154340
SA,1992,4,2154340
SA,1993,4,2154340
SA,1994,4,2154340
SA,1995,4,2154340
SA,1996,4,2154340
SA,1997,4,2154340
SA,1998,4,2154340
SA,1999,4,2154340
SA,2000,4,2154340
SA,2001,4,2154340
SA,2002,5,2155715
SA,2003,5,2155715
SA,2004,5,2155715
SA,2005,5,2155715
SA,2006,5,2155715
SA,2007,5,2155715
SA,2008,5,2155715
SA,2009,5,2155715
SA,2010,5,2155715
SA,2011,5,2155715
SA,2012,6,2156577
SA,2013,6,2156577
SA,2014,6,2156577
SA,2015,6,2156577
SA,2016,6,2156577
SA,2017,6,2156577
SA,2018,6,2156577
SA,2019,6,2156577
SA,2020,6,2156577
SA,2021,6,2156577
SA,2022,6,2156577
SA,2023,6,2156577
SA,2024,6,2156577
SA,2025,6,2156577
WA,1974,0,0
WA,1975,0,0
WA,1976,0,0
WA,1977,0,0
WA,1978,0,0
WA,1979,0,0
WA,1980,0,0
WA,1981,0,0
WA,1982,0,0
WA,1983,0,0
WA,1984,0,0
WA,1985,0,0
WA,1986,0,0
WA,1987,0,0
WA,1988,0,0
WA,1989,0,0
WA,1990,9,499475
WA,1991,9,499475
WA,1992,9,499475
WA,1993,9,499475
WA,1994,9,499475
WA,1995,9,499475
WA,1996,9,499475
WA,1997,9,499475
WA,1998,9,499475
WA,1999,9,499475
WA,2000,9,499475
WA,2001,12,514800
WA,2002,12,514800
WA,2003,12,514800
WA,2004,12,514800
WA,2005,12,514800
WA,2006,12,514800
WA,2007,12,514800
WA,2008,12,514800
WA,2009,12,514800
WA,2010,12,514800
WA,2011,12,514800
WA,2012,12,514800
WA,2013,12,514800
WA,2014,12,514800
WA,2015,12,514800
WA,2016,12,514800
WA,2017,12,514800
WA,2018,12,514800
WA,2019,12,514800
WA,2020,12,514800
WA,2021,12,514800
WA,2022,12,514800
WA,2023,12,514800
WA,2024,12,514800
WA,2025,12,514800
EXT,1974,0,0
EXT,1975,0,0
EXT,1976,0,0
EXT,1977,0,0
EXT,1978,0,0
EXT,1979,0,0
EXT,1980,0,0
EXT,1981,0,0
EXT,1982,0,0
EXT,1983,0,0
EXT,1984,0,0
EXT,1985,0,0
EXT,1986,0,0
EXT,1987,0,0
EXT,1988,0,0
EXT,1989,0,0
EXT,1990,1,202
EXT,1991,1,202
EXT,1992,1,202
EXT,1993,1,202
EXT,1994,1,202
EXT,1995,1,202
EXT,1996,2,2804
EXT,1997,2,2804
EXT,1998,2,2804
EXT,1999,2,2804
EXT,2000,2,2804
EXT,2001,2,2804
EXT,2002,6,1978333
EXT,2003,6,1978333
EXT,2004,6,1978333
EXT,2005,6,1978333
EXT,2006,6,1978333
EXT,2007,6,1978333
EXT,2008,6,1978333
EXT,2009,6,1978333
EXT,2010,6,1978333
EXT,2011,6,1978333
EXT,2012,6,1978333
EXT,2013,6,1978333
EXT,2014,6,1978333
EXT,2015,6,1978333
EXT,2016,6,1978333
EXT,2017,6,1978333
EXT,2018,6,1978333
EXT,2019,6,1978333
EXT,2020,6,1978333
EXT,2021,6,1978333
EXT,2022,6,1978333
EXT,2023,6,1978333
EXT,2024,6,1978333
EXT,2025,6,1978333
QLD,1974,0,0
QLD,1975,0,0
QLD,1976,0,0
QLD,1977,0,0
QLD,1978,0,0
QLD,1979,0,0
QLD,1980,0,0
QLD,1981,0,0
QLD,1982,0,0
QLD,1983,0,0
QLD,1984,0,0
QLD,1985,0,0
QLD,1986,0,0
QLD,1987,0,0
QLD,1988,0,0
QLD,1989,0,0
QLD,1990,0,0
QLD,1991,0,0
QLD,1992,0,0
QLD,1993,2,156154
QLD,1994,2,156154
QLD,1995,2,156154
QLD,1996,4,546554
QLD,1997,4,546554
QLD,1998,4,546554
QLD,1999,5,639714
QLD,2000,5,639714
QLD,2001,5,639714
QLD,2002,5,639714
QLD,2003,5,639714
QLD,2004,5,639714
QLD,2005,5,639714
QLD,2006,5,639714
QLD,2007,5,639714
QLD,2008,5,639714
QLD,2009,5,639714
QLD,2010,5,639714
QLD,2011,5,639714
QLD,2012,5,639714
QLD,2013,5,639714
QLD,2014,5,639714
QLD,2015,5,639714
QLD,2016,5,639714
QLD,2017,5,639714
QLD,2018,5,639714
QLD,2019,5,639714
QLD,2020,5,639714
QLD,2021,5,639714
QLD,2022,5,639714
QLD,2023,5,639714
QLD,2024,5,639714
QLD,2025,5,639714
ACT,1974,0,0
ACT,1975,0,0
ACT,1976,0,0
ACT,1977,0,0
ACT,1978,0,0
ACT,1979,0,0
ACT,1980,0,0
ACT,1981,0,0
ACT,1982,0,0
ACT,1983,0,0
ACT,1984,0,0
ACT,1985,0,0
ACT,1986,0,0
ACT,1987,0,0
ACT,1988,0,0
ACT,1989,0,0
ACT,1990,0,0
ACT,1991,0,0
ACT,1992,0,0
ACT,1993,0,0
ACT,1994,0,0
ACT,1995,0,0
ACT,1996,1,410
ACT,1997,1,410
ACT,1998,1,410
ACT,1999,1,410
ACT,2000,1,410
ACT,2001,1,410
ACT,2002,1,410
ACT,2003,1,410
ACT,2004,1,410
ACT,2005,1,410
ACT,2006,1,410
ACT,2007,1,410
ACT,2008,1,410
ACT,2009,1,410
ACT,2010,1,410
ACT,2011,1,410
ACT,2012,1,410
ACT,2013,1,410
ACT,2014,1,410
ACT,2015,1,410
ACT,2016,1,410
ACT,2017,1,410
ACT,2018,1,410
ACT,2019,1,410
ACT,2020,1,410
ACT,2021,1,410
ACT,2022,1,410
ACT,2023,1,410
ACT,2024,1,410
ACT,2025,1,410
